--Cafe--
insert into CAFE(CAFE_ID,ADDRESS,PHONE,PLACE_COUNT)values(1,'Pushkiskaya Street 75','099444831',30);
insert into CAFE(CAFE_ID,ADDRESS,PHONE,PLACE_COUNT)values(2,'Novgorodskaya Street 7','0997843679',30);
insert into CAFE(CAFE_ID,ADDRESS,PHONE,PLACE_COUNT)values(3,'Alabayskaya Street 16','0503234523',30);
insert into CAFE(CAFE_ID,ADDRESS,PHONE,PLACE_COUNT)values(4,'Telmana Street 20','0661239431',30);

--Role--
insert into ROLE(ROLE_ID,NAME,DESCRIPTION,SALARY)values(1,'director','Director for all cafes',0);
insert into ROLE(ROLE_ID,NAME,DESCRIPTION,SALARY)values(2,'administrator','Administrator for current cafe',3000);
insert into ROLE(ROLE_ID,NAME,DESCRIPTION,SALARY)values(3,'warekeeper','Warekeper',2500);
insert into ROLE(ROLE_ID,NAME,DESCRIPTION,SALARY)values(4,'cook','Cook',2000);
insert into ROLE(ROLE_ID,NAME,DESCRIPTION,SALARY)values(5,'waiter','Waiter',1500);
insert into ROLE(ROLE_ID,NAME,DESCRIPTION,SALARY)values(6,'security','Security',1200);
insert into ROLE(ROLE_ID,NAME,DESCRIPTION,SALARY)values(7,'cleaner','Cleaner',1200);

--Vendor--
insert into VENDOR(VENDOR_ID,ORGANIZATION_NAME,ORGANIZATION_ADVERTISER,PHONE,ADDRESS)values(1,'ЗАТ "Ньютон"','Eduard Dgugashvili',0577653223,'Roganskaya 34');

--Employer--
insert into EMPLOYER(EMPLOYER_ID,FIO,ADDRESS,PHONE,EMAIL,BIRTHDAY,PASSWORD,INN,SMENA_NUMBER,MEDICAL_COEF,WORKDAY_COEF,WEEKEND_COEF,ROLE_ID,CAFE_ID)values(1,'Malinovskiy Alex','Telmana 52','0994562343','malinovskiy-alex@ukr.net','1992-03-03','kafedra',09212341,0,0,0,0,1,1 );

--1 Cafe--
insert into EMPLOYER(EMPLOYER_ID,FIO,ADDRESS,PHONE,EMAIL,BIRTHDAY,PASSWORD,INN,SMENA_NUMBER,MEDICAL_COEF,WORKDAY_COEF,WEEKEND_COEF,ROLE_ID,CAFE_ID)values(2,'Beliaev Dima','Barbusa 32','0995478128','beliaev-dima@ukr.net','1992-05-01','kafedra',12345678,0,1,1,1,2,1);
insert into EMPLOYER(EMPLOYER_ID,FIO,ADDRESS,PHONE,EMAIL,BIRTHDAY,PASSWORD,INN,SMENA_NUMBER,MEDICAL_COEF,WORKDAY_COEF,WEEKEND_COEF,ROLE_ID,CAFE_ID)values(3,'Siklicki Roma','Rolana 2','0990985213','siklicki-roma@ukr.net','1991-05-01','kafedra',09456723,0,1,1,1,3,1);
insert into EMPLOYER(EMPLOYER_ID,FIO,ADDRESS,PHONE,EMAIL,BIRTHDAY,PASSWORD,INN,SMENA_NUMBER,MEDICAL_COEF,WORKDAY_COEF,WEEKEND_COEF,ROLE_ID,CAFE_ID)values(6,'Illia Onichenko','Gagarina 22','0991287904','illia-onichenko@ukr.net','1982-05-01','kafedra',19230543,1,1,1,1,4,1 );
insert into EMPLOYER(EMPLOYER_ID,FIO,ADDRESS,PHONE,EMAIL,BIRTHDAY,PASSWORD,INN,SMENA_NUMBER,MEDICAL_COEF,WORKDAY_COEF,WEEKEND_COEF,ROLE_ID,CAFE_ID)values(7,'Irina Shulga','Ribinskaya 32','09909872354','irina-shulga@ukr.net','1988-05-01','kafedra',65781243,1,1,1,1,5,1 );
insert into EMPLOYER(EMPLOYER_ID,FIO,ADDRESS,PHONE,EMAIL,BIRTHDAY,PASSWORD,INN,SMENA_NUMBER,MEDICAL_COEF,WORKDAY_COEF,WEEKEND_COEF,ROLE_ID,CAFE_ID)values(8,'Evgenia Tereshenko','Bezludina 32','0501238128','evgenia-tereshenko@ukr.net','1990-06-10','kafedra',65782341,1,1,1,1,5,1 );
insert into EMPLOYER(EMPLOYER_ID,FIO,ADDRESS,PHONE,EMAIL,BIRTHDAY,PASSWORD,INN,SMENA_NUMBER,MEDICAL_COEF,WORKDAY_COEF,WEEKEND_COEF,ROLE_ID,CAFE_ID)values(9,'Uriy Nikulin','Sagayskaya 3','0631345410','uriy-nikulin@ukr.net','1982-05-05','kafedra',12345678,2,1,1,1,4,1 );
insert into EMPLOYER(EMPLOYER_ID,FIO,ADDRESS,PHONE,EMAIL,BIRTHDAY,PASSWORD,INN,SMENA_NUMBER,MEDICAL_COEF,WORKDAY_COEF,WEEKEND_COEF,ROLE_ID,CAFE_ID)values(10,'Viktor Sychev','Irkutskaya 6','0689871653','victor-sychev@ukr.net','1987-05-03','kafedra',98763452,2,1,1,1,5,1 );
insert into EMPLOYER(EMPLOYER_ID,FIO,ADDRESS,PHONE,EMAIL,BIRTHDAY,PASSWORD,INN,SMENA_NUMBER,MEDICAL_COEF,WORKDAY_COEF,WEEKEND_COEF,ROLE_ID,CAFE_ID)values(11,'Angelina Ribina','Tselianskaya 10','0664561653','angelina-ribina@ukr.net','1985-02-03','kafedra',67509817,2,1,1,1,5,1 );
insert into EMPLOYER(EMPLOYER_ID,FIO,ADDRESS,PHONE,EMAIL,BIRTHDAY,PASSWORD,INN,SMENA_NUMBER,MEDICAL_COEF,WORKDAY_COEF,WEEKEND_COEF,ROLE_ID,CAFE_ID)values(12,'Evgeniy Gusev','Rugikina 34/12','0682345012','evgeniy-gusev@ukr.net','1980-10-10','kafedra',98453216,1,1,1,1,6,1 );
insert into EMPLOYER(EMPLOYER_ID,FIO,ADDRESS,PHONE,EMAIL,BIRTHDAY,PASSWORD,INN,SMENA_NUMBER,MEDICAL_COEF,WORKDAY_COEF,WEEKEND_COEF,ROLE_ID,CAFE_ID)values(13,'Kiril Evseev','Abdulove 14/54','09834567689','kiril-evseev@ukr.net','1983-04-01','kafedra',32456534,2,1,1,1,6,1 );
insert into EMPLOYER(EMPLOYER_ID,FIO,ADDRESS,PHONE,EMAIL,BIRTHDAY,PASSWORD,INN,SMENA_NUMBER,MEDICAL_COEF,WORKDAY_COEF,WEEKEND_COEF,ROLE_ID,CAFE_ID)values(5,'Evelina Gureeva','Vrachebnaya 43/1','0689234095','evelina-gureeva@ukr.net','1960-02-10','kafedra',75426091,0,1,1,1,7,1 );

--2 Cafe--
insert into EMPLOYER(EMPLOYER_ID,FIO,ADDRESS,PHONE,EMAIL,BIRTHDAY,PASSWORD,INN,SMENA_NUMBER,MEDICAL_COEF,WORKDAY_COEF,WEEKEND_COEF,ROLE_ID,CAFE_ID)values(14,'Kuzin Roman','Mashinostroilnaya 32','0689831321','kuzin-roman@ukr.net','1985-10-04','kafedra',89324546,0,1,1,1,2,2);
insert into EMPLOYER(EMPLOYER_ID,FIO,ADDRESS,PHONE,EMAIL,BIRTHDAY,PASSWORD,INN,SMENA_NUMBER,MEDICAL_COEF,WORKDAY_COEF,WEEKEND_COEF,ROLE_ID,CAFE_ID)values(15,'Bakulin Ivan','Krupskoy 12/32','0957654230','bakulin-ivan@ukr.net','1984-05-07','kafedra',234560912,0,1,1,1,3,2);
insert into EMPLOYER(EMPLOYER_ID,FIO,ADDRESS,PHONE,EMAIL,BIRTHDAY,PASSWORD,INN,SMENA_NUMBER,MEDICAL_COEF,WORKDAY_COEF,WEEKEND_COEF,ROLE_ID,CAFE_ID)values(16,'Karpenko Aleksey','Beringera 16','0661234678','karpenko-aleksey@ukr.net','1980-05-01','kafedra',12223546,1,1,1,1,4,2);
insert into EMPLOYER(EMPLOYER_ID,FIO,ADDRESS,PHONE,EMAIL,BIRTHDAY,PASSWORD,INN,SMENA_NUMBER,MEDICAL_COEF,WORKDAY_COEF,WEEKEND_COEF,ROLE_ID,CAFE_ID)values(17,'Elena Michailova','Ilushina 22/10','0952344312','elena-michailova@ukr.net','1988-05-10','kafedra',33367689,2,1,1,1,4,2);
insert into EMPLOYER(EMPLOYER_ID,FIO,ADDRESS,PHONE,EMAIL,BIRTHDAY,PASSWORD,INN,SMENA_NUMBER,MEDICAL_COEF,WORKDAY_COEF,WEEKEND_COEF,ROLE_ID,CAFE_ID)values(18,'Elina Kariakina','Tumenskaya 12','0950984312','elina-kariakina@ukr.net','1979-05-11','kafedra',44412321,1,1,1,1,5,2);
insert into EMPLOYER(EMPLOYER_ID,FIO,ADDRESS,PHONE,EMAIL,BIRTHDAY,PASSWORD,INN,SMENA_NUMBER,MEDICAL_COEF,WORKDAY_COEF,WEEKEND_COEF,ROLE_ID,CAFE_ID)values(19,'Egor Tsebro','Kunicina 32/12','0661238128','egor-tsebro@ukr.net','1985-06-10','kafedra',66238922,1,1,1,1,5,2);
insert into EMPLOYER(EMPLOYER_ID,FIO,ADDRESS,PHONE,EMAIL,BIRTHDAY,PASSWORD,INN,SMENA_NUMBER,MEDICAL_COEF,WORKDAY_COEF,WEEKEND_COEF,ROLE_ID,CAFE_ID)values(21,'Eldar Sychev','Iriskina 6/12','0951171653','eldar-sychev@ukr.net','1989-11-03','kafedra',99322932,2,1,1,1,5,2);
insert into EMPLOYER(EMPLOYER_ID,FIO,ADDRESS,PHONE,EMAIL,BIRTHDAY,PASSWORD,INN,SMENA_NUMBER,MEDICAL_COEF,WORKDAY_COEF,WEEKEND_COEF,ROLE_ID,CAFE_ID)values(22,'Aliana Ustinova','Anutina 120/12','0964561333','aliana-ustinova@ukr.net','1990-02-03','kafedra',55523431,2,1,1,1,5,2);
insert into EMPLOYER(EMPLOYER_ID,FIO,ADDRESS,PHONE,EMAIL,BIRTHDAY,PASSWORD,INN,SMENA_NUMBER,MEDICAL_COEF,WORKDAY_COEF,WEEKEND_COEF,ROLE_ID,CAFE_ID)values(23,'Victor Coy','Krasnaznamennaya 4/12','0952345992','victor-coy@ukr.net','1992-10-10','kafedra',55533234,1,1,1,1,6,2);
insert into EMPLOYER(EMPLOYER_ID,FIO,ADDRESS,PHONE,EMAIL,BIRTHDAY,PASSWORD,INN,SMENA_NUMBER,MEDICAL_COEF,WORKDAY_COEF,WEEKEND_COEF,ROLE_ID,CAFE_ID)values(24,'Anastasia Zubko','Affganova 12/123','0688343122','anastasia-zubko@ukr.net','1990-04-11','kafedra',11123331,2,1,1,1,6,2);
insert into EMPLOYER(EMPLOYER_ID,FIO,ADDRESS,PHONE,EMAIL,BIRTHDAY,PASSWORD,INN,SMENA_NUMBER,MEDICAL_COEF,WORKDAY_COEF,WEEKEND_COEF,ROLE_ID,CAFE_ID)values(25,'Shliapina Inna','Cyplenkova 43/10','0979234095','shliapina-inna@ukr.net','1963-10-10','kafedra',99934884,0,1,1,1,7,2);

--3 Cafe--
insert into EMPLOYER(EMPLOYER_ID,FIO,ADDRESS,PHONE,EMAIL,BIRTHDAY,PASSWORD,INN,SMENA_NUMBER,MEDICAL_COEF,WORKDAY_COEF,WEEKEND_COEF,ROLE_ID,CAFE_ID)values(26,'Ivan Pelepenko','Tutushnaya 43/12','0662234233','ivan-pelepnko@ukr.net','1988-08-04','kafedra',66889345,0,1,1,1,2,3);
insert into EMPLOYER(EMPLOYER_ID,FIO,ADDRESS,PHONE,EMAIL,BIRTHDAY,PASSWORD,INN,SMENA_NUMBER,MEDICAL_COEF,WORKDAY_COEF,WEEKEND_COEF,ROLE_ID,CAFE_ID)values(27,'Egor Bondar','Goriainova 22/32','0998885234','egor-bondar@ukr.net','1991-12-12','kafedra',29950912,0,1,1,1,3,3);
insert into EMPLOYER(EMPLOYER_ID,FIO,ADDRESS,PHONE,EMAIL,BIRTHDAY,PASSWORD,INN,SMENA_NUMBER,MEDICAL_COEF,WORKDAY_COEF,WEEKEND_COEF,ROLE_ID,CAFE_ID)values(28,'Egor Budnichenko','Belugina 16/12','0952224678','egor-budnichenko@ukr.net','1977-05-10','kafedra',12277646,1,1,1,1,4,3);
insert into EMPLOYER(EMPLOYER_ID,FIO,ADDRESS,PHONE,EMAIL,BIRTHDAY,PASSWORD,INN,SMENA_NUMBER,MEDICAL_COEF,WORKDAY_COEF,WEEKEND_COEF,ROLE_ID,CAFE_ID)values(29,'Elena Makarenko','Gogolya 56','0978843234','elena-makarenko@ukr.net','1992-10-10','kafedra',33369995,2,1,1,1,4,3);
insert into EMPLOYER(EMPLOYER_ID,FIO,ADDRESS,PHONE,EMAIL,BIRTHDAY,PASSWORD,INN,SMENA_NUMBER,MEDICAL_COEF,WORKDAY_COEF,WEEKEND_COEF,ROLE_ID,CAFE_ID)values(30,'Elina Ilushina','Tatarova 12/12','0950986653','elina-ilushina@ukr.net','1985-11-11','kafedra',44667321,1,1,1,1,5,3);
insert into EMPLOYER(EMPLOYER_ID,FIO,ADDRESS,PHONE,EMAIL,BIRTHDAY,PASSWORD,INN,SMENA_NUMBER,MEDICAL_COEF,WORKDAY_COEF,WEEKEND_COEF,ROLE_ID,CAFE_ID)values(31,'Inna Maslova','Moskovskaya 32/33','0634538128','inna-maslova@ukr.net','1988-06-10','kafedra',67789922,1,1,1,1,5,3);
insert into EMPLOYER(EMPLOYER_ID,FIO,ADDRESS,PHONE,EMAIL,BIRTHDAY,PASSWORD,INN,SMENA_NUMBER,MEDICAL_COEF,WORKDAY_COEF,WEEKEND_COEF,ROLE_ID,CAFE_ID)values(32,'Azaram Kurbatov','Karpatskaya 12/12','0996571653','azaram-kurbatov@ukr.net','1990-11-10','kafedra',99442932,2,1,1,1,5,3);
insert into EMPLOYER(EMPLOYER_ID,FIO,ADDRESS,PHONE,EMAIL,BIRTHDAY,PASSWORD,INN,SMENA_NUMBER,MEDICAL_COEF,WORKDAY_COEF,WEEKEND_COEF,ROLE_ID,CAFE_ID)values(33,'David Shevchenko','Khorvatina 110/12','0966661333','david-shevchenko@ukr.net','1980-10-10','kafedra',55528831,2,1,1,1,5,3);
insert into EMPLOYER(EMPLOYER_ID,FIO,ADDRESS,PHONE,EMAIL,BIRTHDAY,PASSWORD,INN,SMENA_NUMBER,MEDICAL_COEF,WORKDAY_COEF,WEEKEND_COEF,ROLE_ID,CAFE_ID)values(34,'Valentin Stricalo','Lenina 10/12','0932225992','valentina-stricalo@ukr.net','1989-07-05','kafedra',52213234,1,1,1,1,6,3);
insert into EMPLOYER(EMPLOYER_ID,FIO,ADDRESS,PHONE,EMAIL,BIRTHDAY,PASSWORD,INN,SMENA_NUMBER,MEDICAL_COEF,WORKDAY_COEF,WEEKEND_COEF,ROLE_ID,CAFE_ID)values(35,'Akakiy Kruglov','Lolotova 2/123','0663343122','akakiy-kruglov@ukr.net','1980-08-11','kafedra',11166631,2,1,1,1,6,3);
insert into EMPLOYER(EMPLOYER_ID,FIO,ADDRESS,PHONE,EMAIL,BIRTHDAY,PASSWORD,INN,SMENA_NUMBER,MEDICAL_COEF,WORKDAY_COEF,WEEKEND_COEF,ROLE_ID,CAFE_ID)values(36,'Sharapova Ira','Karachencova 57/10','0998834095','sharapova-ira@ukr.net','1966-10-10','kafedra',99934543,0,1,1,1,7,3);

--4 Cafe--
insert into EMPLOYER(EMPLOYER_ID,FIO,ADDRESS,PHONE,EMAIL,BIRTHDAY,PASSWORD,INN,SMENA_NUMBER,MEDICAL_COEF,WORKDAY_COEF,WEEKEND_COEF,ROLE_ID,CAFE_ID)values(37,'Illia Sheluhov','Tartakova 50/12','0675334233','illia-sheluhov@ukr.net','1990-08-04','kafedra',88289345,0,1,1,1,2,4);
insert into EMPLOYER(EMPLOYER_ID,FIO,ADDRESS,PHONE,EMAIL,BIRTHDAY,PASSWORD,INN,SMENA_NUMBER,MEDICAL_COEF,WORKDAY_COEF,WEEKEND_COEF,ROLE_ID,CAFE_ID)values(38,'Maksim Gorainov','Telmana 20','0967885234','maksim-gorainov@ukr.net','1986-01-12','kafedra',22950912,0,1,1,1,3,4);
insert into EMPLOYER(EMPLOYER_ID,FIO,ADDRESS,PHONE,EMAIL,BIRTHDAY,PASSWORD,INN,SMENA_NUMBER,MEDICAL_COEF,WORKDAY_COEF,WEEKEND_COEF,ROLE_ID,CAFE_ID)values(39,'Evgeniy Sergeev','Barabashova 10/90','0998764678','evgeniy-sergeev@ukr.net','1980-10-10','kafedra',55277646,1,1,1,1,4,4);
insert into EMPLOYER(EMPLOYER_ID,FIO,ADDRESS,PHONE,EMAIL,BIRTHDAY,PASSWORD,INN,SMENA_NUMBER,MEDICAL_COEF,WORKDAY_COEF,WEEKEND_COEF,ROLE_ID,CAFE_ID)values(40,'Natasha Konotop','Trubina 12/12','0631849234','natasha-konotop@ukr.net','1985-10-03','kafedra',33123995,2,1,1,1,4,4);
insert into EMPLOYER(EMPLOYER_ID,FIO,ADDRESS,PHONE,EMAIL,BIRTHDAY,PASSWORD,INN,SMENA_NUMBER,MEDICAL_COEF,WORKDAY_COEF,WEEKEND_COEF,ROLE_ID,CAFE_ID)values(41,'Kirill Evseev','Tarasova 45/1','0998786653','kirill-evseev@ukr.net','1975-01-11','kafedra',44699321,1,1,1,1,5,4);
insert into EMPLOYER(EMPLOYER_ID,FIO,ADDRESS,PHONE,EMAIL,BIRTHDAY,PASSWORD,INN,SMENA_NUMBER,MEDICAL_COEF,WORKDAY_COEF,WEEKEND_COEF,ROLE_ID,CAFE_ID)values(42,'Anton Lisakov','Krupskoy 12','0668838128','anton-lisakov@ukr.net','1988-10-10','kafedra',88789922,1,1,1,1,5,4);
insert into EMPLOYER(EMPLOYER_ID,FIO,ADDRESS,PHONE,EMAIL,BIRTHDAY,PASSWORD,INN,SMENA_NUMBER,MEDICAL_COEF,WORKDAY_COEF,WEEKEND_COEF,ROLE_ID,CAFE_ID)values(43,'Roman Trubov','Braginskogo 200/12','0978971653','roman-trubov@ukr.net','1985-11-10','kafedra',99444532,2,1,1,1,5,4);
insert into EMPLOYER(EMPLOYER_ID,FIO,ADDRESS,PHONE,EMAIL,BIRTHDAY,PASSWORD,INN,SMENA_NUMBER,MEDICAL_COEF,WORKDAY_COEF,WEEKEND_COEF,ROLE_ID,CAFE_ID)values(44,'David Egorov','Livinova 110','0636668883','david-egorov@ukr.net','1977-10-10','kafedra',58728831,2,1,1,1,5,4);
insert into EMPLOYER(EMPLOYER_ID,FIO,ADDRESS,PHONE,EMAIL,BIRTHDAY,PASSWORD,INN,SMENA_NUMBER,MEDICAL_COEF,WORKDAY_COEF,WEEKEND_COEF,ROLE_ID,CAFE_ID)values(45,'Valentin Stricalov','Lubova 12/12','0932885392','valentin-stricalov@ukr.net','1990-02-05','kafedra',52213776,1,1,1,1,6,4);
insert into EMPLOYER(EMPLOYER_ID,FIO,ADDRESS,PHONE,EMAIL,BIRTHDAY,PASSWORD,INN,SMENA_NUMBER,MEDICAL_COEF,WORKDAY_COEF,WEEKEND_COEF,ROLE_ID,CAFE_ID)values(46,'Ararat Keschan','Lorinova 123','0938343122','ararat-keschan@ukr.net','1988-08-11','kafedra',00166631,2,1,1,1,6,4);
insert into EMPLOYER(EMPLOYER_ID,FIO,ADDRESS,PHONE,EMAIL,BIRTHDAY,PASSWORD,INN,SMENA_NUMBER,MEDICAL_COEF,WORKDAY_COEF,WEEKEND_COEF,ROLE_ID,CAFE_ID)values(47,'Gaurov Bogdan','Karachencova 57/10','0998834095','sharapova-ira@ukr.net','1966-10-10','kafedra',00934543,0,1,1,1,7,4);

--Product--
insert into PRODUCT(PRODUCT_ID,NAME,PRICE_BY_ONE,CALCULATION_TYPE,VENDOR_ID)values(1,'Вода',3,'LT',1);
insert into PRODUCT(PRODUCT_ID,NAME,PRICE_BY_ONE,CALCULATION_TYPE,VENDOR_ID)values(2,'Кофе эспрессо',30,'KG',1);
insert into PRODUCT(PRODUCT_ID,NAME,PRICE_BY_ONE,CALCULATION_TYPE,VENDOR_ID)values(3,'Кофе макиато',33,'KG',1);
insert into PRODUCT(PRODUCT_ID,NAME,PRICE_BY_ONE,CALCULATION_TYPE,VENDOR_ID)values(4,'Кофе кон панна',33,'KG',1);
insert into PRODUCT(PRODUCT_ID,NAME,PRICE_BY_ONE,CALCULATION_TYPE,VENDOR_ID)values(5,'Кофе американо',30,'KG',1);
insert into PRODUCT(PRODUCT_ID,NAME,PRICE_BY_ONE,CALCULATION_TYPE,VENDOR_ID)values(6,'Кофе латтэ',35,'KG',1);
insert into PRODUCT(PRODUCT_ID,NAME,PRICE_BY_ONE,CALCULATION_TYPE,VENDOR_ID)values(7,'Ягодный чай',0.9,'SHT',1);
insert into PRODUCT(PRODUCT_ID,NAME,PRICE_BY_ONE,CALCULATION_TYPE,VENDOR_ID)values(8,'Мятный чай',1.2,'SHT',1);
insert into PRODUCT(PRODUCT_ID,NAME,PRICE_BY_ONE,CALCULATION_TYPE,VENDOR_ID)values(9,'Черный чай',0.8,'SHT',1);
insert into PRODUCT(PRODUCT_ID,NAME,PRICE_BY_ONE,CALCULATION_TYPE,VENDOR_ID)values(10,'Гарячий шоколад',35,'KG',1);
insert into PRODUCT(PRODUCT_ID,NAME,PRICE_BY_ONE,CALCULATION_TYPE,VENDOR_ID)values(11,'Холодный чай',10,'LT',1);
insert into PRODUCT(PRODUCT_ID,NAME,PRICE_BY_ONE,CALCULATION_TYPE,VENDOR_ID)values(12,'Лимонад',8,'LT',1);
insert into PRODUCT(PRODUCT_ID,NAME,PRICE_BY_ONE,CALCULATION_TYPE,VENDOR_ID)values(13,'Безалкогольный мохито',15,'LT',1);
insert into PRODUCT(PRODUCT_ID,NAME,PRICE_BY_ONE,CALCULATION_TYPE,VENDOR_ID)values(14,'Молоко',4,'LT',1);
insert into PRODUCT(PRODUCT_ID,NAME,PRICE_BY_ONE,CALCULATION_TYPE,VENDOR_ID)values(15,'Фруктовый наполнитель',7,'LT',1);
insert into PRODUCT(PRODUCT_ID,NAME,PRICE_BY_ONE,CALCULATION_TYPE,VENDOR_ID)values(16,'Cherry Cake',10,'SHT',1);
insert into PRODUCT(PRODUCT_ID,NAME,PRICE_BY_ONE,CALCULATION_TYPE,VENDOR_ID)values(17,'ШокоМан',10,'SHT',1);
insert into PRODUCT(PRODUCT_ID,NAME,PRICE_BY_ONE,CALCULATION_TYPE,VENDOR_ID)values(18,'Тирамису',12,'SHT',1);
insert into PRODUCT(PRODUCT_ID,NAME,PRICE_BY_ONE,CALCULATION_TYPE,VENDOR_ID)values(19,'Наполеон',10,'SHT',1);
insert into PRODUCT(PRODUCT_ID,NAME,PRICE_BY_ONE,CALCULATION_TYPE,VENDOR_ID)values(20,'Вишневый штрудель',11,'SHT',1);
insert into PRODUCT(PRODUCT_ID,NAME,PRICE_BY_ONE,CALCULATION_TYPE,VENDOR_ID)values(21,'Круассан',12,'SHT',1);
insert into PRODUCT(PRODUCT_ID,NAME,PRICE_BY_ONE,CALCULATION_TYPE,VENDOR_ID)values(22,'Десерт клубничный',13,'SHT',1);
insert into PRODUCT(PRODUCT_ID,NAME,PRICE_BY_ONE,CALCULATION_TYPE,VENDOR_ID)values(23,'Коффейный десерт',12,'SHT',1);
insert into PRODUCT(PRODUCT_ID,NAME,PRICE_BY_ONE,CALCULATION_TYPE,VENDOR_ID)values(24,'Апельсины',15,'KG',1);
insert into PRODUCT(PRODUCT_ID,NAME,PRICE_BY_ONE,CALCULATION_TYPE,VENDOR_ID)values(25,'Shvepes',4,'LT',1);
insert into PRODUCT(PRODUCT_ID,NAME,PRICE_BY_ONE,CALCULATION_TYPE,VENDOR_ID)values(26,'Vodka "Finland"',38,'LT',1);
insert into PRODUCT(PRODUCT_ID,NAME,PRICE_BY_ONE,CALCULATION_TYPE,VENDOR_ID)values(27,'Мята',15,'KG',1);
insert into PRODUCT(PRODUCT_ID,NAME,PRICE_BY_ONE,CALCULATION_TYPE,VENDOR_ID)values(28,'Tekila',60,'LT',1);
insert into PRODUCT(PRODUCT_ID,NAME,PRICE_BY_ONE,CALCULATION_TYPE,VENDOR_ID)values(29,'Апельсиновый сок "Sandora"',5,'LT',1);
insert into PRODUCT(PRODUCT_ID,NAME,PRICE_BY_ONE,CALCULATION_TYPE,VENDOR_ID)values(30,'Jin "Dry"',65,'LT',1);
insert into PRODUCT(PRODUCT_ID,NAME,PRICE_BY_ONE,CALCULATION_TYPE,VENDOR_ID)values(31,'Ликер "Blue Curasao"',70,'LT',1);
insert into PRODUCT(PRODUCT_ID,NAME,PRICE_BY_ONE,CALCULATION_TYPE,VENDOR_ID)values(32,'Coca-cola',5,'LT',1);
insert into PRODUCT(PRODUCT_ID,NAME,PRICE_BY_ONE,CALCULATION_TYPE,VENDOR_ID)values(33,'Brendi "Jameson"',67,'LT',1);
insert into PRODUCT(PRODUCT_ID,NAME,PRICE_BY_ONE,CALCULATION_TYPE,VENDOR_ID)values(34,'Вино "Изабелла"',50,'LT',1);
insert into PRODUCT(PRODUCT_ID,NAME,PRICE_BY_ONE,CALCULATION_TYPE,VENDOR_ID)values(35,'Куриное филе',27,'KG',1);
insert into PRODUCT(PRODUCT_ID,NAME,PRICE_BY_ONE,CALCULATION_TYPE,VENDOR_ID)values(36,'Петрушка',14,'KG',1);
insert into PRODUCT(PRODUCT_ID,NAME,PRICE_BY_ONE,CALCULATION_TYPE,VENDOR_ID)values(37,'Гречка',8,'KG',1);
insert into PRODUCT(PRODUCT_ID,NAME,PRICE_BY_ONE,CALCULATION_TYPE,VENDOR_ID)values(38,'Лосось',40,'KG',1);
insert into PRODUCT(PRODUCT_ID,NAME,PRICE_BY_ONE,CALCULATION_TYPE,VENDOR_ID)values(39,'Перепелиное яйцо',3,'SHT',1);
insert into PRODUCT(PRODUCT_ID,NAME,PRICE_BY_ONE,CALCULATION_TYPE,VENDOR_ID)values(40,'Укроп',14,'KG',1);
insert into PRODUCT(PRODUCT_ID,NAME,PRICE_BY_ONE,CALCULATION_TYPE,VENDOR_ID)values(41,'Картошка',10,'KG',1);
insert into PRODUCT(PRODUCT_ID,NAME,PRICE_BY_ONE,CALCULATION_TYPE,VENDOR_ID)values(42,'Огурец',10,'KG',1);
insert into PRODUCT(PRODUCT_ID,NAME,PRICE_BY_ONE,CALCULATION_TYPE,VENDOR_ID)values(43,'Помидор',15,'KG',1);
insert into PRODUCT(PRODUCT_ID,NAME,PRICE_BY_ONE,CALCULATION_TYPE,VENDOR_ID)values(44,'Сыр пармизан',43,'KG',1);
insert into PRODUCT(PRODUCT_ID,NAME,PRICE_BY_ONE,CALCULATION_TYPE,VENDOR_ID)values(45,'Зеленый горошек',15,'KG',1);
insert into PRODUCT(PRODUCT_ID,NAME,PRICE_BY_ONE,CALCULATION_TYPE,VENDOR_ID)values(46,'Кукуруза',12,'KG',1);
insert into PRODUCT(PRODUCT_ID,NAME,PRICE_BY_ONE,CALCULATION_TYPE,VENDOR_ID)values(47,'Крабовые палочки',20,'KG',1);
insert into PRODUCT(PRODUCT_ID,NAME,PRICE_BY_ONE,CALCULATION_TYPE,VENDOR_ID)values(48,'Брынза',22,'KG',1);
insert into PRODUCT(PRODUCT_ID,NAME,PRICE_BY_ONE,CALCULATION_TYPE,VENDOR_ID)values(49,'Болгарский перец',1,'SHT',1);
insert into PRODUCT(PRODUCT_ID,NAME,PRICE_BY_ONE,CALCULATION_TYPE,VENDOR_ID)values(50,'Листья салата',40,'KG',1);
insert into PRODUCT(PRODUCT_ID,NAME,PRICE_BY_ONE,CALCULATION_TYPE,VENDOR_ID)values(51,'Пекинская капуста',40,'KG',1);
insert into PRODUCT(PRODUCT_ID,NAME,PRICE_BY_ONE,CALCULATION_TYPE,VENDOR_ID)values(52,'Франзуская булка',2,'SHT',1);
insert into PRODUCT(PRODUCT_ID,NAME,PRICE_BY_ONE,CALCULATION_TYPE,VENDOR_ID)values(53,'Сыр "Рокфор"',36,'KG',1);
insert into PRODUCT(PRODUCT_ID,NAME,PRICE_BY_ONE,CALCULATION_TYPE,VENDOR_ID)values(54,'Бифштекс',15,'SHT',1);
insert into PRODUCT(PRODUCT_ID,NAME,PRICE_BY_ONE,CALCULATION_TYPE,VENDOR_ID)values(55,'Булка с кунжутом',8,'SHT',1);
insert into PRODUCT(PRODUCT_ID,NAME,PRICE_BY_ONE,CALCULATION_TYPE,VENDOR_ID)values(56,'Окорока индейки',26,'SHT',1);
insert into PRODUCT(PRODUCT_ID,NAME,PRICE_BY_ONE,CALCULATION_TYPE,VENDOR_ID)values(57,'Ром "Captain Black"',70,'LT',1);
insert into PRODUCT(PRODUCT_ID,NAME,PRICE_BY_ONE,CALCULATION_TYPE,VENDOR_ID)values(58,'Тунец',55,'KG',1);

--Dish--
insert into DISH(DISH_ID,NAME,PRICE,WEIGHT,DESCRIPTION)values(1,'Эспрессо',10.00,100,'Терпкий, немного резкий аромат этого чёрного кофе и сильный, с мягкой горечью, вкус, в один момент взбодрят и поставят на ноги любого');
insert into DISH(DISH_ID,NAME,PRICE,WEIGHT,DESCRIPTION)values(2,'Эспрессо Макиато',12.00,100,'Лёгкая горчинка крепкого эспрессо в сочетании с нежной, лёгкой молочной пенкой, создают непревзойдённую вкусовую гамму.');
insert into DISH(DISH_ID,NAME,PRICE,WEIGHT,DESCRIPTION)values(3,'Эспрессо Кон Панна',12.00,100,'Этот кофейный шедевр обладает сладким ароматом с целым букетом оттенков.');
insert into DISH(DISH_ID,NAME,PRICE,WEIGHT,DESCRIPTION)values(4,'Американо',10.00,100,'Этот напиток в первую очередь пришелся по вкусу жителям Северной Америки, отчего и получил свое название. Меньше кофеина, больше кофейного удовольствия!');
insert into DISH(DISH_ID,NAME,PRICE,WEIGHT,DESCRIPTION)values(5,'Латтэ',15.00,100,'В горячее молоко добавляют свежеприготовленный ароматный кофе и все это венчает пышная молочная пена.');
insert into DISH(DISH_ID,NAME,PRICE,WEIGHT,DESCRIPTION)values(6,'Ягодный чай',13.00,250,'Выбери свой любимый вкус Ягодного чая - клюква, облепиха или ягодный микс!');
insert into DISH(DISH_ID,NAME,PRICE,WEIGHT,DESCRIPTION)values(7,'Мятный чай с мёдом и корицей',15.00,250,'Мятный чай с мёдом и корицей — самое ароматное сочетание полезного и вкусного! Бодрит, активизирует и поднимает настроение!');
insert into DISH(DISH_ID,NAME,PRICE,WEIGHT,DESCRIPTION)values(8,'Черный чай',10.00,250,'Чашечка чая — это не только предлог для встречи. Это ещё и крепкий, бодрящий, утоляющий жажду и успокаивающий нервы напиток.');
insert into DISH(DISH_ID,NAME,PRICE,WEIGHT,DESCRIPTION)values(9,'Гарячий шоколад',18.00,250,'Густой, сладкий шоколад так приятно есть по ложечке, растягивая удовольствие.');
insert into DISH(DISH_ID,NAME,PRICE,WEIGHT,DESCRIPTION)values(10,'Смузи',23.00,400,'Это не просто фруктовый коктейль. Это густая и яркая смесь из взбитых фруктов и ягод.');
insert into DISH(DISH_ID,NAME,PRICE,WEIGHT,DESCRIPTION)values(11,'Холодный чай',20.00,250,'Приятный напиток полон антиоксидантов, которые помогут сохранить красоту и молодость.');
insert into DISH(DISH_ID,NAME,PRICE,WEIGHT,DESCRIPTION)values(12,'Лимонад',20.00,400,'«Лимонад» — традиционный напиток нашего детства.');
insert into DISH(DISH_ID,NAME,PRICE,WEIGHT,DESCRIPTION)values(13,'Безалкогольный Мохито',25.00,250,'Свежая мята, что венчает горку измельченного в шейкере льда, и капельки воды, выступившие на стенках бокала, делают Мохито еще более крутым и желанным.');
insert into DISH(DISH_ID,NAME,PRICE,WEIGHT,DESCRIPTION)values(14,'Шейк',25.00,400,'Так и хочется одним духом выпить этот густой, взбитый молочный шейк, а потом утереть рукавом молочные «усы» и расплыться в широкой искренней улыбке.');
insert into DISH(DISH_ID,NAME,PRICE,WEIGHT,DESCRIPTION)values(15,'Cherry Cake',25.00,300,'Кисловато-сладкая вишня в сочетании с воздушными прослойками шоколадного и молочного суфле создают неповторимый вкус Cherry Сake.');
insert into DISH(DISH_ID,NAME,PRICE,WEIGHT,DESCRIPTION)values(16,'ШокоМан',25.00,300,'Лёгкая, нежирная кексовая основа, пропитанная кремовым конфитюром и сдобренная шоколадной помадкой, становится очень мягкой и нежной.');
insert into DISH(DISH_ID,NAME,PRICE,WEIGHT,DESCRIPTION)values(17,'Тирамису',25.00,300,'На мягкой бисквитной основе расположился воздушный мусс из сливочного итальянского сыра маскарпоне с вкраплениями бодрящего ликера и ароматного кофе.');
insert into DISH(DISH_ID,NAME,PRICE,WEIGHT,DESCRIPTION)values(18,'Наполеон',25.00,300,'Это в меру сладкое угощение состоит из множества хрустящих коржей, щедро пропитанных сливочным кремом.');
insert into DISH(DISH_ID,NAME,PRICE,WEIGHT,DESCRIPTION)values(19,'Вишневый штрудель',25.00,300,'Очень нежный и приятный десерт восхищает сочной вишнёвой начинкой, завёрнутой в рассыпчатое тонкое тесто в виде рулета.');
insert into DISH(DISH_ID,NAME,PRICE,WEIGHT,DESCRIPTION)values(20,'Круассан',25.00,300,'Пышный и воздушный круассан с нежно-золотистой корочкой, что крошится от первого прикосновения губ, - прекрасное дополнение к утренней чашке кофе!');
insert into DISH(DISH_ID,NAME,PRICE,WEIGHT,DESCRIPTION)values(21,'Десерт клубничный',25.00,300,'Самая крупная, сладкая и сочная клубничка попала в этот лёгкий десерт.');
insert into DISH(DISH_ID,NAME,PRICE,WEIGHT,DESCRIPTION)values(22,'Коффейный десерт',30.00,300,'Изысканная горка взбитых сливок высится на шоколадном бисквитном суфле — настоящее объедение, которое тает во рту, словно молочная пена.');
insert into DISH(DISH_ID,NAME,PRICE,WEIGHT,DESCRIPTION)values(23,'Мохито',35.00,350,'Этот кубинский коктейль с мятой, лимоном, содовой и светлым ромом доставит наслаждение своим необычным вкусом.');
insert into DISH(DISH_ID,NAME,PRICE,WEIGHT,DESCRIPTION)values(24,'Текила Санрайз',40.00,350,'Приятно утоляет жажду и вызывает возбуждающий прилив безудержной энергии.');
insert into DISH(DISH_ID,NAME,PRICE,WEIGHT,DESCRIPTION)values(25,'Джин-тоник',45.00,350,'Вкус этого тонизирующего коктейля, словно бомба, взрывается после первого же глотка.');
insert into DISH(DISH_ID,NAME,PRICE,WEIGHT,DESCRIPTION)values(26,'Голубая Лагуна',40.00,300,'Если жаждете острых ощущений, то Голубая лагуна вам их подарит сполна.');
insert into DISH(DISH_ID,NAME,PRICE,WEIGHT,DESCRIPTION)values(27,'Черри Бренди',45.00,300,'Ярко выраженный сладковатый вкус вишни в этом лонг дринке делает его неповторимым.');
insert into DISH(DISH_ID,NAME,PRICE,WEIGHT,DESCRIPTION)values(28,'Ром-кола',40.00,350,'Приятный, сладковатый, слегка газированный напиток утолит жажду и укрепит компанейский дух.');
insert into DISH(DISH_ID,NAME,PRICE,WEIGHT,DESCRIPTION)values(29,'Глинтвейн',35.00,350,'Согреться после длительной прогулки и насладиться сладковато-пряным вкусом горячего вина можно в уютной обстановке кафе "Кафедра".');
insert into DISH(DISH_ID,NAME,PRICE,WEIGHT,DESCRIPTION)values(30,'Крем-суп с курицей',45.00,250,'Горячий и ароматный супчик с куриным филе и овощами избавит от гнетущего чувства голода и придется по вкусу даже ребёнку.');
insert into DISH(DISH_ID,NAME,PRICE,WEIGHT,DESCRIPTION)values(31,'Салат "Скандинавский" с лососем',35.00,250,'Сочетание ломтиков лосося и перепелиных яиц в этом салате наполнит Ваш организм энергией и такими важными для здоровья жирными кислотами, минералами и микроэлементами.');
insert into DISH(DISH_ID,NAME,PRICE,WEIGHT,DESCRIPTION)values(32,'Салат "Нисуаз" с тунцом',35.00,300,'Один из самых известных французских салатов представляет собой аппетитное сочетание приготовленных и свежих ингредиентов с полезными белками, содержащимися в тунце и яйцах.');
insert into DISH(DISH_ID,NAME,PRICE,WEIGHT,DESCRIPTION)values(33,'Салат "Цезарь" с пармизаном',36.00,350,'Существует много различных вариантов рецепта этого знаменитого салата, но наше кафе готовит для своих гостей самый вкусный и полезный из них.');
insert into DISH(DISH_ID,NAME,PRICE,WEIGHT,DESCRIPTION)values(34,'Салат "Греческий" с брынзой',38.00,350,'Нежный и сочный салат из свежих помидоров черри, хрустящих огурчиков, болгарского перца, листьев салата и пекинской капусты с кусочками брынзы идеально подходит для легкого перекуса в любое время дня.');
insert into DISH(DISH_ID,NAME,PRICE,WEIGHT,DESCRIPTION)values(36,'Сендвич с индейкой и салатом',40.00,250,'Пышная булочка, посыпанная кунжутом, с начинкой из кусочков свежей сочной индейки и листа салата способна пополнить ваш запас энергии и сил.');
insert into DISH(DISH_ID,NAME,PRICE,WEIGHT,DESCRIPTION)values(37,'Апельсиновый фреш',25.00,400,'Кисло-сладкий фреш в один момент справится с жаждой, снимет усталость и поднимет настроение.');

--Dish_Product--
--Coffee--
insert into DISH_PRODUCT(DISH_PRODUCT_ID,DISH_ID,PRODUCT_ID,PRODUCT_WEIGHT)values(1,1,1,0.09);
insert into DISH_PRODUCT(DISH_PRODUCT_ID,DISH_ID,PRODUCT_ID,PRODUCT_WEIGHT)values(2,1,2,0.01);
insert into DISH_PRODUCT(DISH_PRODUCT_ID,DISH_ID,PRODUCT_ID,PRODUCT_WEIGHT)values(3,2,1,0.09);
insert into DISH_PRODUCT(DISH_PRODUCT_ID,DISH_ID,PRODUCT_ID,PRODUCT_WEIGHT)values(4,2,3,0.01);
insert into DISH_PRODUCT(DISH_PRODUCT_ID,DISH_ID,PRODUCT_ID,PRODUCT_WEIGHT)values(5,3,1,0.09);
insert into DISH_PRODUCT(DISH_PRODUCT_ID,DISH_ID,PRODUCT_ID,PRODUCT_WEIGHT)values(6,3,4,0.01);
insert into DISH_PRODUCT(DISH_PRODUCT_ID,DISH_ID,PRODUCT_ID,PRODUCT_WEIGHT)values(7,4,1,0.09);
insert into DISH_PRODUCT(DISH_PRODUCT_ID,DISH_ID,PRODUCT_ID,PRODUCT_WEIGHT)values(8,4,5,0.01);
insert into DISH_PRODUCT(DISH_PRODUCT_ID,DISH_ID,PRODUCT_ID,PRODUCT_WEIGHT)values(9,5,1,0.09);
insert into DISH_PRODUCT(DISH_PRODUCT_ID,DISH_ID,PRODUCT_ID,PRODUCT_WEIGHT)values(10,5,6,0.01);
--Hot water--
insert into DISH_PRODUCT(DISH_PRODUCT_ID,DISH_ID,PRODUCT_ID,PRODUCT_WEIGHT)values(13,6,1,0.25);
insert into DISH_PRODUCT(DISH_PRODUCT_ID,DISH_ID,PRODUCT_ID,PRODUCT_WEIGHT)values(14,6,7,1);
insert into DISH_PRODUCT(DISH_PRODUCT_ID,DISH_ID,PRODUCT_ID,PRODUCT_WEIGHT)values(15,7,1,0.25);
insert into DISH_PRODUCT(DISH_PRODUCT_ID,DISH_ID,PRODUCT_ID,PRODUCT_WEIGHT)values(16,7,8,1);
insert into DISH_PRODUCT(DISH_PRODUCT_ID,DISH_ID,PRODUCT_ID,PRODUCT_WEIGHT)values(17,8,1,0.25);
insert into DISH_PRODUCT(DISH_PRODUCT_ID,DISH_ID,PRODUCT_ID,PRODUCT_WEIGHT)values(18,8,9,1);
insert into DISH_PRODUCT(DISH_PRODUCT_ID,DISH_ID,PRODUCT_ID,PRODUCT_WEIGHT)values(19,9,1,0.2);
insert into DISH_PRODUCT(DISH_PRODUCT_ID,DISH_ID,PRODUCT_ID,PRODUCT_WEIGHT)values(20,9,10,0.05);
--Cold water--
insert into DISH_PRODUCT(DISH_PRODUCT_ID,DISH_ID,PRODUCT_ID,PRODUCT_WEIGHT)values(21,10,14,0.2);
insert into DISH_PRODUCT(DISH_PRODUCT_ID,DISH_ID,PRODUCT_ID,PRODUCT_WEIGHT)values(22,10,15,0.2);
insert into DISH_PRODUCT(DISH_PRODUCT_ID,DISH_ID,PRODUCT_ID,PRODUCT_WEIGHT)values(23,11,11,0.25);
insert into DISH_PRODUCT(DISH_PRODUCT_ID,DISH_ID,PRODUCT_ID,PRODUCT_WEIGHT)values(24,12,12,0.4);
insert into DISH_PRODUCT(DISH_PRODUCT_ID,DISH_ID,PRODUCT_ID,PRODUCT_WEIGHT)values(25,13,13,0.25);
insert into DISH_PRODUCT(DISH_PRODUCT_ID,DISH_ID,PRODUCT_ID,PRODUCT_WEIGHT)values(26,14,14,0.1);
insert into DISH_PRODUCT(DISH_PRODUCT_ID,DISH_ID,PRODUCT_ID,PRODUCT_WEIGHT)values(27,14,15,0.3);
insert into DISH_PRODUCT(DISH_PRODUCT_ID,DISH_ID,PRODUCT_ID,PRODUCT_WEIGHT)values(73,37,24,0.7);
--Desserts-
insert into DISH_PRODUCT(DISH_PRODUCT_ID,DISH_ID,PRODUCT_ID,PRODUCT_WEIGHT)values(28,15,16,1);
insert into DISH_PRODUCT(DISH_PRODUCT_ID,DISH_ID,PRODUCT_ID,PRODUCT_WEIGHT)values(29,16,17,1);
insert into DISH_PRODUCT(DISH_PRODUCT_ID,DISH_ID,PRODUCT_ID,PRODUCT_WEIGHT)values(30,17,18,1);
insert into DISH_PRODUCT(DISH_PRODUCT_ID,DISH_ID,PRODUCT_ID,PRODUCT_WEIGHT)values(31,18,19,1);
insert into DISH_PRODUCT(DISH_PRODUCT_ID,DISH_ID,PRODUCT_ID,PRODUCT_WEIGHT)values(32,19,20,1);
insert into DISH_PRODUCT(DISH_PRODUCT_ID,DISH_ID,PRODUCT_ID,PRODUCT_WEIGHT)values(33,20,21,1);
insert into DISH_PRODUCT(DISH_PRODUCT_ID,DISH_ID,PRODUCT_ID,PRODUCT_WEIGHT)values(34,21,22,1);
insert into DISH_PRODUCT(DISH_PRODUCT_ID,DISH_ID,PRODUCT_ID,PRODUCT_WEIGHT)values(35,22,23,1);
--Alcohol--
insert into DISH_PRODUCT(DISH_PRODUCT_ID,DISH_ID,PRODUCT_ID,PRODUCT_WEIGHT)values(36,23,25,0.2);
insert into DISH_PRODUCT(DISH_PRODUCT_ID,DISH_ID,PRODUCT_ID,PRODUCT_WEIGHT)values(37,23,26,0.15);
insert into DISH_PRODUCT(DISH_PRODUCT_ID,DISH_ID,PRODUCT_ID,PRODUCT_WEIGHT)values(38,23,27,0.01);
insert into DISH_PRODUCT(DISH_PRODUCT_ID,DISH_ID,PRODUCT_ID,PRODUCT_WEIGHT)values(39,24,19,0.2);
insert into DISH_PRODUCT(DISH_PRODUCT_ID,DISH_ID,PRODUCT_ID,PRODUCT_WEIGHT)values(40,24,20,0.15);
insert into DISH_PRODUCT(DISH_PRODUCT_ID,DISH_ID,PRODUCT_ID,PRODUCT_WEIGHT)values(41,25,25,0.2);
insert into DISH_PRODUCT(DISH_PRODUCT_ID,DISH_ID,PRODUCT_ID,PRODUCT_WEIGHT)values(42,25,30,0.15);
insert into DISH_PRODUCT(DISH_PRODUCT_ID,DISH_ID,PRODUCT_ID,PRODUCT_WEIGHT)values(43,26,25,0.2);
insert into DISH_PRODUCT(DISH_PRODUCT_ID,DISH_ID,PRODUCT_ID,PRODUCT_WEIGHT)values(44,26,31,0.15);
insert into DISH_PRODUCT(DISH_PRODUCT_ID,DISH_ID,PRODUCT_ID,PRODUCT_WEIGHT)values(45,27,32,0.15);
insert into DISH_PRODUCT(DISH_PRODUCT_ID,DISH_ID,PRODUCT_ID,PRODUCT_WEIGHT)values(46,27,33,0.15);
insert into DISH_PRODUCT(DISH_PRODUCT_ID,DISH_ID,PRODUCT_ID,PRODUCT_WEIGHT)values(47,28,32,0.2);
insert into DISH_PRODUCT(DISH_PRODUCT_ID,DISH_ID,PRODUCT_ID,PRODUCT_WEIGHT)values(48,28,57,0.15);
insert into DISH_PRODUCT(DISH_PRODUCT_ID,DISH_ID,PRODUCT_ID,PRODUCT_WEIGHT)values(49,29,34,0.35);
--Hot dishes-- 
insert into DISH_PRODUCT(DISH_PRODUCT_ID,DISH_ID,PRODUCT_ID,PRODUCT_WEIGHT)values(50,30,35,0.3);
insert into DISH_PRODUCT(DISH_PRODUCT_ID,DISH_ID,PRODUCT_ID,PRODUCT_WEIGHT)values(51,30,36,0.05);
insert into DISH_PRODUCT(DISH_PRODUCT_ID,DISH_ID,PRODUCT_ID,PRODUCT_WEIGHT)values(52,30,37,0.1);
insert into DISH_PRODUCT(DISH_PRODUCT_ID,DISH_ID,PRODUCT_ID,PRODUCT_WEIGHT)values(53,30,1,0.5);
insert into DISH_PRODUCT(DISH_PRODUCT_ID,DISH_ID,PRODUCT_ID,PRODUCT_WEIGHT)values(54,31,38,0.1);
insert into DISH_PRODUCT(DISH_PRODUCT_ID,DISH_ID,PRODUCT_ID,PRODUCT_WEIGHT)values(55,31,39,2);
insert into DISH_PRODUCT(DISH_PRODUCT_ID,DISH_ID,PRODUCT_ID,PRODUCT_WEIGHT)values(56,31,40,0.05);
insert into DISH_PRODUCT(DISH_PRODUCT_ID,DISH_ID,PRODUCT_ID,PRODUCT_WEIGHT)values(57,31,41,0.2);
insert into DISH_PRODUCT(DISH_PRODUCT_ID,DISH_ID,PRODUCT_ID,PRODUCT_WEIGHT)values(58,32,58,0.1);
insert into DISH_PRODUCT(DISH_PRODUCT_ID,DISH_ID,PRODUCT_ID,PRODUCT_WEIGHT)values(59,32,42,0.1);
insert into DISH_PRODUCT(DISH_PRODUCT_ID,DISH_ID,PRODUCT_ID,PRODUCT_WEIGHT)values(60,32,43,0.1);
insert into DISH_PRODUCT(DISH_PRODUCT_ID,DISH_ID,PRODUCT_ID,PRODUCT_WEIGHT)values(61,33,42,0.1);
insert into DISH_PRODUCT(DISH_PRODUCT_ID,DISH_ID,PRODUCT_ID,PRODUCT_WEIGHT)values(62,33,43,0.07);
insert into DISH_PRODUCT(DISH_PRODUCT_ID,DISH_ID,PRODUCT_ID,PRODUCT_WEIGHT)values(63,33,44,0.08);
insert into DISH_PRODUCT(DISH_PRODUCT_ID,DISH_ID,PRODUCT_ID,PRODUCT_WEIGHT)values(64,33,45,0.05);
insert into DISH_PRODUCT(DISH_PRODUCT_ID,DISH_ID,PRODUCT_ID,PRODUCT_WEIGHT)values(65,33,46,0.05);
insert into DISH_PRODUCT(DISH_PRODUCT_ID,DISH_ID,PRODUCT_ID,PRODUCT_WEIGHT)values(66,34,48,0.1);
insert into DISH_PRODUCT(DISH_PRODUCT_ID,DISH_ID,PRODUCT_ID,PRODUCT_WEIGHT)values(67,34,45,0.1);
insert into DISH_PRODUCT(DISH_PRODUCT_ID,DISH_ID,PRODUCT_ID,PRODUCT_WEIGHT)values(68,34,46,0.05);
insert into DISH_PRODUCT(DISH_PRODUCT_ID,DISH_ID,PRODUCT_ID,PRODUCT_WEIGHT)values(69,34,39,2);
insert into DISH_PRODUCT(DISH_PRODUCT_ID,DISH_ID,PRODUCT_ID,PRODUCT_WEIGHT)values(70,36,50,0.1);
insert into DISH_PRODUCT(DISH_PRODUCT_ID,DISH_ID,PRODUCT_ID,PRODUCT_WEIGHT)values(71,36,52,1);
insert into DISH_PRODUCT(DISH_PRODUCT_ID,DISH_ID,PRODUCT_ID,PRODUCT_WEIGHT)values(72,36,56,0.2);

--Cafe_Product--
insert into CAFE_PRODUCT(CAFE_PRODUCT_ID,CAFE_ID,PRODUCT_ID,AVAILABLE_QUANTITY)values(1,1,1,50);
insert into CAFE_PRODUCT(CAFE_PRODUCT_ID,CAFE_ID,PRODUCT_ID,AVAILABLE_QUANTITY)values(2,1,2,10);
insert into CAFE_PRODUCT(CAFE_PRODUCT_ID,CAFE_ID,PRODUCT_ID,AVAILABLE_QUANTITY)values(3,1,3,10);
insert into CAFE_PRODUCT(CAFE_PRODUCT_ID,CAFE_ID,PRODUCT_ID,AVAILABLE_QUANTITY)values(4,1,4,10);
insert into CAFE_PRODUCT(CAFE_PRODUCT_ID,CAFE_ID,PRODUCT_ID,AVAILABLE_QUANTITY)values(5,1,5,10);
insert into CAFE_PRODUCT(CAFE_PRODUCT_ID,CAFE_ID,PRODUCT_ID,AVAILABLE_QUANTITY)values(6,1,6,10);
insert into CAFE_PRODUCT(CAFE_PRODUCT_ID,CAFE_ID,PRODUCT_ID,AVAILABLE_QUANTITY)values(7,1,7,100);
insert into CAFE_PRODUCT(CAFE_PRODUCT_ID,CAFE_ID,PRODUCT_ID,AVAILABLE_QUANTITY)values(8,1,8,100);
insert into CAFE_PRODUCT(CAFE_PRODUCT_ID,CAFE_ID,PRODUCT_ID,AVAILABLE_QUANTITY)values(9,1,9,100);
insert into CAFE_PRODUCT(CAFE_PRODUCT_ID,CAFE_ID,PRODUCT_ID,AVAILABLE_QUANTITY)values(10,1,10,10);
insert into CAFE_PRODUCT(CAFE_PRODUCT_ID,CAFE_ID,PRODUCT_ID,AVAILABLE_QUANTITY)values(11,1,11,20);
insert into CAFE_PRODUCT(CAFE_PRODUCT_ID,CAFE_ID,PRODUCT_ID,AVAILABLE_QUANTITY)values(12,1,12,20);
insert into CAFE_PRODUCT(CAFE_PRODUCT_ID,CAFE_ID,PRODUCT_ID,AVAILABLE_QUANTITY)values(13,1,13,20);
insert into CAFE_PRODUCT(CAFE_PRODUCT_ID,CAFE_ID,PRODUCT_ID,AVAILABLE_QUANTITY)values(14,1,14,10);
insert into CAFE_PRODUCT(CAFE_PRODUCT_ID,CAFE_ID,PRODUCT_ID,AVAILABLE_QUANTITY)values(15,1,15,10);
insert into CAFE_PRODUCT(CAFE_PRODUCT_ID,CAFE_ID,PRODUCT_ID,AVAILABLE_QUANTITY)values(16,1,16,15);
insert into CAFE_PRODUCT(CAFE_PRODUCT_ID,CAFE_ID,PRODUCT_ID,AVAILABLE_QUANTITY)values(17,1,17,15);
insert into CAFE_PRODUCT(CAFE_PRODUCT_ID,CAFE_ID,PRODUCT_ID,AVAILABLE_QUANTITY)values(18,1,18,15);
insert into CAFE_PRODUCT(CAFE_PRODUCT_ID,CAFE_ID,PRODUCT_ID,AVAILABLE_QUANTITY)values(19,1,19,15);
insert into CAFE_PRODUCT(CAFE_PRODUCT_ID,CAFE_ID,PRODUCT_ID,AVAILABLE_QUANTITY)values(20,1,20,15);
insert into CAFE_PRODUCT(CAFE_PRODUCT_ID,CAFE_ID,PRODUCT_ID,AVAILABLE_QUANTITY)values(21,1,21,15);
insert into CAFE_PRODUCT(CAFE_PRODUCT_ID,CAFE_ID,PRODUCT_ID,AVAILABLE_QUANTITY)values(22,1,22,15);
insert into CAFE_PRODUCT(CAFE_PRODUCT_ID,CAFE_ID,PRODUCT_ID,AVAILABLE_QUANTITY)values(23,1,23,15);
insert into CAFE_PRODUCT(CAFE_PRODUCT_ID,CAFE_ID,PRODUCT_ID,AVAILABLE_QUANTITY)values(24,1,24,10);
insert into CAFE_PRODUCT(CAFE_PRODUCT_ID,CAFE_ID,PRODUCT_ID,AVAILABLE_QUANTITY)values(25,1,25,10);
insert into CAFE_PRODUCT(CAFE_PRODUCT_ID,CAFE_ID,PRODUCT_ID,AVAILABLE_QUANTITY)values(26,1,26,3);
insert into CAFE_PRODUCT(CAFE_PRODUCT_ID,CAFE_ID,PRODUCT_ID,AVAILABLE_QUANTITY)values(27,1,27,1);
insert into CAFE_PRODUCT(CAFE_PRODUCT_ID,CAFE_ID,PRODUCT_ID,AVAILABLE_QUANTITY)values(28,1,28,3);
insert into CAFE_PRODUCT(CAFE_PRODUCT_ID,CAFE_ID,PRODUCT_ID,AVAILABLE_QUANTITY)values(29,1,29,10);
insert into CAFE_PRODUCT(CAFE_PRODUCT_ID,CAFE_ID,PRODUCT_ID,AVAILABLE_QUANTITY)values(30,1,30,3);
insert into CAFE_PRODUCT(CAFE_PRODUCT_ID,CAFE_ID,PRODUCT_ID,AVAILABLE_QUANTITY)values(31,1,31,3);
insert into CAFE_PRODUCT(CAFE_PRODUCT_ID,CAFE_ID,PRODUCT_ID,AVAILABLE_QUANTITY)values(32,1,32,8);
insert into CAFE_PRODUCT(CAFE_PRODUCT_ID,CAFE_ID,PRODUCT_ID,AVAILABLE_QUANTITY)values(33,1,33,3);
insert into CAFE_PRODUCT(CAFE_PRODUCT_ID,CAFE_ID,PRODUCT_ID,AVAILABLE_QUANTITY)values(34,1,34,5);
insert into CAFE_PRODUCT(CAFE_PRODUCT_ID,CAFE_ID,PRODUCT_ID,AVAILABLE_QUANTITY)values(35,1,35,2);
insert into CAFE_PRODUCT(CAFE_PRODUCT_ID,CAFE_ID,PRODUCT_ID,AVAILABLE_QUANTITY)values(36,1,36,1);
insert into CAFE_PRODUCT(CAFE_PRODUCT_ID,CAFE_ID,PRODUCT_ID,AVAILABLE_QUANTITY)values(37,1,37,2);
insert into CAFE_PRODUCT(CAFE_PRODUCT_ID,CAFE_ID,PRODUCT_ID,AVAILABLE_QUANTITY)values(38,1,38,1);
insert into CAFE_PRODUCT(CAFE_PRODUCT_ID,CAFE_ID,PRODUCT_ID,AVAILABLE_QUANTITY)values(39,1,39,20);
insert into CAFE_PRODUCT(CAFE_PRODUCT_ID,CAFE_ID,PRODUCT_ID,AVAILABLE_QUANTITY)values(40,1,40,1);
insert into CAFE_PRODUCT(CAFE_PRODUCT_ID,CAFE_ID,PRODUCT_ID,AVAILABLE_QUANTITY)values(41,1,41,8);
insert into CAFE_PRODUCT(CAFE_PRODUCT_ID,CAFE_ID,PRODUCT_ID,AVAILABLE_QUANTITY)values(42,1,42,7);
insert into CAFE_PRODUCT(CAFE_PRODUCT_ID,CAFE_ID,PRODUCT_ID,AVAILABLE_QUANTITY)values(43,1,43,7);
insert into CAFE_PRODUCT(CAFE_PRODUCT_ID,CAFE_ID,PRODUCT_ID,AVAILABLE_QUANTITY)values(44,1,44,3);
insert into CAFE_PRODUCT(CAFE_PRODUCT_ID,CAFE_ID,PRODUCT_ID,AVAILABLE_QUANTITY)values(45,1,45,1);
insert into CAFE_PRODUCT(CAFE_PRODUCT_ID,CAFE_ID,PRODUCT_ID,AVAILABLE_QUANTITY)values(46,1,46,1);
insert into CAFE_PRODUCT(CAFE_PRODUCT_ID,CAFE_ID,PRODUCT_ID,AVAILABLE_QUANTITY)values(47,1,47,2);
insert into CAFE_PRODUCT(CAFE_PRODUCT_ID,CAFE_ID,PRODUCT_ID,AVAILABLE_QUANTITY)values(48,1,48,2);
insert into CAFE_PRODUCT(CAFE_PRODUCT_ID,CAFE_ID,PRODUCT_ID,AVAILABLE_QUANTITY)values(49,1,49,1);
insert into CAFE_PRODUCT(CAFE_PRODUCT_ID,CAFE_ID,PRODUCT_ID,AVAILABLE_QUANTITY)values(50,1,50,2);
insert into CAFE_PRODUCT(CAFE_PRODUCT_ID,CAFE_ID,PRODUCT_ID,AVAILABLE_QUANTITY)values(51,1,51,2);
insert into CAFE_PRODUCT(CAFE_PRODUCT_ID,CAFE_ID,PRODUCT_ID,AVAILABLE_QUANTITY)values(52,1,52,15);
insert into CAFE_PRODUCT(CAFE_PRODUCT_ID,CAFE_ID,PRODUCT_ID,AVAILABLE_QUANTITY)values(53,1,53,4);
insert into CAFE_PRODUCT(CAFE_PRODUCT_ID,CAFE_ID,PRODUCT_ID,AVAILABLE_QUANTITY)values(54,1,54,15);
insert into CAFE_PRODUCT(CAFE_PRODUCT_ID,CAFE_ID,PRODUCT_ID,AVAILABLE_QUANTITY)values(55,1,55,15);
insert into CAFE_PRODUCT(CAFE_PRODUCT_ID,CAFE_ID,PRODUCT_ID,AVAILABLE_QUANTITY)values(56,1,56,3);
insert into CAFE_PRODUCT(CAFE_PRODUCT_ID,CAFE_ID,PRODUCT_ID,AVAILABLE_QUANTITY)values(57,1,57,5);
insert into CAFE_PRODUCT(CAFE_PRODUCT_ID,CAFE_ID,PRODUCT_ID,AVAILABLE_QUANTITY)values(58,1,58,4);
--2 cafe--
insert into CAFE_PRODUCT(CAFE_PRODUCT_ID,CAFE_ID,PRODUCT_ID,AVAILABLE_QUANTITY)values(59,2,1,50);
insert into CAFE_PRODUCT(CAFE_PRODUCT_ID,CAFE_ID,PRODUCT_ID,AVAILABLE_QUANTITY)values(60,2,2,10);
insert into CAFE_PRODUCT(CAFE_PRODUCT_ID,CAFE_ID,PRODUCT_ID,AVAILABLE_QUANTITY)values(61,2,3,10);
insert into CAFE_PRODUCT(CAFE_PRODUCT_ID,CAFE_ID,PRODUCT_ID,AVAILABLE_QUANTITY)values(62,2,4,10);
insert into CAFE_PRODUCT(CAFE_PRODUCT_ID,CAFE_ID,PRODUCT_ID,AVAILABLE_QUANTITY)values(63,2,5,10);
insert into CAFE_PRODUCT(CAFE_PRODUCT_ID,CAFE_ID,PRODUCT_ID,AVAILABLE_QUANTITY)values(64,2,6,10);
insert into CAFE_PRODUCT(CAFE_PRODUCT_ID,CAFE_ID,PRODUCT_ID,AVAILABLE_QUANTITY)values(65,2,7,100);
insert into CAFE_PRODUCT(CAFE_PRODUCT_ID,CAFE_ID,PRODUCT_ID,AVAILABLE_QUANTITY)values(66,2,8,100);
insert into CAFE_PRODUCT(CAFE_PRODUCT_ID,CAFE_ID,PRODUCT_ID,AVAILABLE_QUANTITY)values(67,2,9,100);
insert into CAFE_PRODUCT(CAFE_PRODUCT_ID,CAFE_ID,PRODUCT_ID,AVAILABLE_QUANTITY)values(68,2,10,10);
insert into CAFE_PRODUCT(CAFE_PRODUCT_ID,CAFE_ID,PRODUCT_ID,AVAILABLE_QUANTITY)values(69,2,11,20);
insert into CAFE_PRODUCT(CAFE_PRODUCT_ID,CAFE_ID,PRODUCT_ID,AVAILABLE_QUANTITY)values(70,2,12,20);
insert into CAFE_PRODUCT(CAFE_PRODUCT_ID,CAFE_ID,PRODUCT_ID,AVAILABLE_QUANTITY)values(71,2,13,20);
insert into CAFE_PRODUCT(CAFE_PRODUCT_ID,CAFE_ID,PRODUCT_ID,AVAILABLE_QUANTITY)values(72,2,14,10);
insert into CAFE_PRODUCT(CAFE_PRODUCT_ID,CAFE_ID,PRODUCT_ID,AVAILABLE_QUANTITY)values(73,2,15,10);
insert into CAFE_PRODUCT(CAFE_PRODUCT_ID,CAFE_ID,PRODUCT_ID,AVAILABLE_QUANTITY)values(74,2,16,15);
insert into CAFE_PRODUCT(CAFE_PRODUCT_ID,CAFE_ID,PRODUCT_ID,AVAILABLE_QUANTITY)values(75,2,17,15);
insert into CAFE_PRODUCT(CAFE_PRODUCT_ID,CAFE_ID,PRODUCT_ID,AVAILABLE_QUANTITY)values(76,2,18,15);
insert into CAFE_PRODUCT(CAFE_PRODUCT_ID,CAFE_ID,PRODUCT_ID,AVAILABLE_QUANTITY)values(77,2,19,15);
insert into CAFE_PRODUCT(CAFE_PRODUCT_ID,CAFE_ID,PRODUCT_ID,AVAILABLE_QUANTITY)values(78,2,20,15);
insert into CAFE_PRODUCT(CAFE_PRODUCT_ID,CAFE_ID,PRODUCT_ID,AVAILABLE_QUANTITY)values(79,2,21,15);
insert into CAFE_PRODUCT(CAFE_PRODUCT_ID,CAFE_ID,PRODUCT_ID,AVAILABLE_QUANTITY)values(80,2,22,15);
insert into CAFE_PRODUCT(CAFE_PRODUCT_ID,CAFE_ID,PRODUCT_ID,AVAILABLE_QUANTITY)values(81,2,23,15);
insert into CAFE_PRODUCT(CAFE_PRODUCT_ID,CAFE_ID,PRODUCT_ID,AVAILABLE_QUANTITY)values(82,2,24,10);
insert into CAFE_PRODUCT(CAFE_PRODUCT_ID,CAFE_ID,PRODUCT_ID,AVAILABLE_QUANTITY)values(83,2,25,10);
insert into CAFE_PRODUCT(CAFE_PRODUCT_ID,CAFE_ID,PRODUCT_ID,AVAILABLE_QUANTITY)values(84,2,26,3);
insert into CAFE_PRODUCT(CAFE_PRODUCT_ID,CAFE_ID,PRODUCT_ID,AVAILABLE_QUANTITY)values(85,2,27,2);
insert into CAFE_PRODUCT(CAFE_PRODUCT_ID,CAFE_ID,PRODUCT_ID,AVAILABLE_QUANTITY)values(86,2,28,3);
insert into CAFE_PRODUCT(CAFE_PRODUCT_ID,CAFE_ID,PRODUCT_ID,AVAILABLE_QUANTITY)values(87,2,29,10);
insert into CAFE_PRODUCT(CAFE_PRODUCT_ID,CAFE_ID,PRODUCT_ID,AVAILABLE_QUANTITY)values(88,2,30,3);
insert into CAFE_PRODUCT(CAFE_PRODUCT_ID,CAFE_ID,PRODUCT_ID,AVAILABLE_QUANTITY)values(89,2,31,3);
insert into CAFE_PRODUCT(CAFE_PRODUCT_ID,CAFE_ID,PRODUCT_ID,AVAILABLE_QUANTITY)values(90,2,32,8);
insert into CAFE_PRODUCT(CAFE_PRODUCT_ID,CAFE_ID,PRODUCT_ID,AVAILABLE_QUANTITY)values(91,2,33,3);
insert into CAFE_PRODUCT(CAFE_PRODUCT_ID,CAFE_ID,PRODUCT_ID,AVAILABLE_QUANTITY)values(92,2,34,5);
insert into CAFE_PRODUCT(CAFE_PRODUCT_ID,CAFE_ID,PRODUCT_ID,AVAILABLE_QUANTITY)values(93,2,35,2);
insert into CAFE_PRODUCT(CAFE_PRODUCT_ID,CAFE_ID,PRODUCT_ID,AVAILABLE_QUANTITY)values(94,2,36,2);
insert into CAFE_PRODUCT(CAFE_PRODUCT_ID,CAFE_ID,PRODUCT_ID,AVAILABLE_QUANTITY)values(95,2,37,2);
insert into CAFE_PRODUCT(CAFE_PRODUCT_ID,CAFE_ID,PRODUCT_ID,AVAILABLE_QUANTITY)values(96,2,38,2);
insert into CAFE_PRODUCT(CAFE_PRODUCT_ID,CAFE_ID,PRODUCT_ID,AVAILABLE_QUANTITY)values(97,2,39,20);
insert into CAFE_PRODUCT(CAFE_PRODUCT_ID,CAFE_ID,PRODUCT_ID,AVAILABLE_QUANTITY)values(98,2,40,2);
insert into CAFE_PRODUCT(CAFE_PRODUCT_ID,CAFE_ID,PRODUCT_ID,AVAILABLE_QUANTITY)values(99,2,41,8);
insert into CAFE_PRODUCT(CAFE_PRODUCT_ID,CAFE_ID,PRODUCT_ID,AVAILABLE_QUANTITY)values(100,2,42,7);
insert into CAFE_PRODUCT(CAFE_PRODUCT_ID,CAFE_ID,PRODUCT_ID,AVAILABLE_QUANTITY)values(101,2,43,7);
insert into CAFE_PRODUCT(CAFE_PRODUCT_ID,CAFE_ID,PRODUCT_ID,AVAILABLE_QUANTITY)values(102,2,44,3);
insert into CAFE_PRODUCT(CAFE_PRODUCT_ID,CAFE_ID,PRODUCT_ID,AVAILABLE_QUANTITY)values(103,2,45,2);
insert into CAFE_PRODUCT(CAFE_PRODUCT_ID,CAFE_ID,PRODUCT_ID,AVAILABLE_QUANTITY)values(104,2,46,2);
insert into CAFE_PRODUCT(CAFE_PRODUCT_ID,CAFE_ID,PRODUCT_ID,AVAILABLE_QUANTITY)values(105,2,47,2);
insert into CAFE_PRODUCT(CAFE_PRODUCT_ID,CAFE_ID,PRODUCT_ID,AVAILABLE_QUANTITY)values(106,2,48,2);
insert into CAFE_PRODUCT(CAFE_PRODUCT_ID,CAFE_ID,PRODUCT_ID,AVAILABLE_QUANTITY)values(107,2,49,2);
insert into CAFE_PRODUCT(CAFE_PRODUCT_ID,CAFE_ID,PRODUCT_ID,AVAILABLE_QUANTITY)values(108,2,50,2);
insert into CAFE_PRODUCT(CAFE_PRODUCT_ID,CAFE_ID,PRODUCT_ID,AVAILABLE_QUANTITY)values(109,2,51,2);
insert into CAFE_PRODUCT(CAFE_PRODUCT_ID,CAFE_ID,PRODUCT_ID,AVAILABLE_QUANTITY)values(110,2,52,15);
insert into CAFE_PRODUCT(CAFE_PRODUCT_ID,CAFE_ID,PRODUCT_ID,AVAILABLE_QUANTITY)values(111,2,53,4);
insert into CAFE_PRODUCT(CAFE_PRODUCT_ID,CAFE_ID,PRODUCT_ID,AVAILABLE_QUANTITY)values(112,2,54,15);
insert into CAFE_PRODUCT(CAFE_PRODUCT_ID,CAFE_ID,PRODUCT_ID,AVAILABLE_QUANTITY)values(113,2,55,15);
insert into CAFE_PRODUCT(CAFE_PRODUCT_ID,CAFE_ID,PRODUCT_ID,AVAILABLE_QUANTITY)values(114,2,56,3);
insert into CAFE_PRODUCT(CAFE_PRODUCT_ID,CAFE_ID,PRODUCT_ID,AVAILABLE_QUANTITY)values(115,2,57,5);
insert into CAFE_PRODUCT(CAFE_PRODUCT_ID,CAFE_ID,PRODUCT_ID,AVAILABLE_QUANTITY)values(116,2,58,4);
--3 cafe--
insert into CAFE_PRODUCT(CAFE_PRODUCT_ID,CAFE_ID,PRODUCT_ID,AVAILABLE_QUANTITY)values(117,3,1,50);
insert into CAFE_PRODUCT(CAFE_PRODUCT_ID,CAFE_ID,PRODUCT_ID,AVAILABLE_QUANTITY)values(118,3,2,10);
insert into CAFE_PRODUCT(CAFE_PRODUCT_ID,CAFE_ID,PRODUCT_ID,AVAILABLE_QUANTITY)values(119,3,3,10);
insert into CAFE_PRODUCT(CAFE_PRODUCT_ID,CAFE_ID,PRODUCT_ID,AVAILABLE_QUANTITY)values(120,3,4,10);
insert into CAFE_PRODUCT(CAFE_PRODUCT_ID,CAFE_ID,PRODUCT_ID,AVAILABLE_QUANTITY)values(121,3,5,10);
insert into CAFE_PRODUCT(CAFE_PRODUCT_ID,CAFE_ID,PRODUCT_ID,AVAILABLE_QUANTITY)values(122,3,6,10);
insert into CAFE_PRODUCT(CAFE_PRODUCT_ID,CAFE_ID,PRODUCT_ID,AVAILABLE_QUANTITY)values(123,3,7,100);
insert into CAFE_PRODUCT(CAFE_PRODUCT_ID,CAFE_ID,PRODUCT_ID,AVAILABLE_QUANTITY)values(124,3,8,100);
insert into CAFE_PRODUCT(CAFE_PRODUCT_ID,CAFE_ID,PRODUCT_ID,AVAILABLE_QUANTITY)values(125,3,9,100);
insert into CAFE_PRODUCT(CAFE_PRODUCT_ID,CAFE_ID,PRODUCT_ID,AVAILABLE_QUANTITY)values(126,3,10,10);
insert into CAFE_PRODUCT(CAFE_PRODUCT_ID,CAFE_ID,PRODUCT_ID,AVAILABLE_QUANTITY)values(127,3,11,20);
insert into CAFE_PRODUCT(CAFE_PRODUCT_ID,CAFE_ID,PRODUCT_ID,AVAILABLE_QUANTITY)values(128,3,12,20);
insert into CAFE_PRODUCT(CAFE_PRODUCT_ID,CAFE_ID,PRODUCT_ID,AVAILABLE_QUANTITY)values(129,3,13,20);
insert into CAFE_PRODUCT(CAFE_PRODUCT_ID,CAFE_ID,PRODUCT_ID,AVAILABLE_QUANTITY)values(130,3,14,10);
insert into CAFE_PRODUCT(CAFE_PRODUCT_ID,CAFE_ID,PRODUCT_ID,AVAILABLE_QUANTITY)values(131,3,15,10);
insert into CAFE_PRODUCT(CAFE_PRODUCT_ID,CAFE_ID,PRODUCT_ID,AVAILABLE_QUANTITY)values(132,3,16,15);
insert into CAFE_PRODUCT(CAFE_PRODUCT_ID,CAFE_ID,PRODUCT_ID,AVAILABLE_QUANTITY)values(133,3,17,15);
insert into CAFE_PRODUCT(CAFE_PRODUCT_ID,CAFE_ID,PRODUCT_ID,AVAILABLE_QUANTITY)values(134,3,18,15);
insert into CAFE_PRODUCT(CAFE_PRODUCT_ID,CAFE_ID,PRODUCT_ID,AVAILABLE_QUANTITY)values(135,3,19,15);
insert into CAFE_PRODUCT(CAFE_PRODUCT_ID,CAFE_ID,PRODUCT_ID,AVAILABLE_QUANTITY)values(136,3,20,15);
insert into CAFE_PRODUCT(CAFE_PRODUCT_ID,CAFE_ID,PRODUCT_ID,AVAILABLE_QUANTITY)values(137,3,21,15);
insert into CAFE_PRODUCT(CAFE_PRODUCT_ID,CAFE_ID,PRODUCT_ID,AVAILABLE_QUANTITY)values(138,3,22,15);
insert into CAFE_PRODUCT(CAFE_PRODUCT_ID,CAFE_ID,PRODUCT_ID,AVAILABLE_QUANTITY)values(139,3,23,15);
insert into CAFE_PRODUCT(CAFE_PRODUCT_ID,CAFE_ID,PRODUCT_ID,AVAILABLE_QUANTITY)values(140,3,24,10);
insert into CAFE_PRODUCT(CAFE_PRODUCT_ID,CAFE_ID,PRODUCT_ID,AVAILABLE_QUANTITY)values(141,3,25,10);
insert into CAFE_PRODUCT(CAFE_PRODUCT_ID,CAFE_ID,PRODUCT_ID,AVAILABLE_QUANTITY)values(142,3,26,3);
insert into CAFE_PRODUCT(CAFE_PRODUCT_ID,CAFE_ID,PRODUCT_ID,AVAILABLE_QUANTITY)values(143,3,27,2);
insert into CAFE_PRODUCT(CAFE_PRODUCT_ID,CAFE_ID,PRODUCT_ID,AVAILABLE_QUANTITY)values(144,3,28,3);
insert into CAFE_PRODUCT(CAFE_PRODUCT_ID,CAFE_ID,PRODUCT_ID,AVAILABLE_QUANTITY)values(145,3,29,10);
insert into CAFE_PRODUCT(CAFE_PRODUCT_ID,CAFE_ID,PRODUCT_ID,AVAILABLE_QUANTITY)values(146,3,30,3);
insert into CAFE_PRODUCT(CAFE_PRODUCT_ID,CAFE_ID,PRODUCT_ID,AVAILABLE_QUANTITY)values(147,3,31,3);
insert into CAFE_PRODUCT(CAFE_PRODUCT_ID,CAFE_ID,PRODUCT_ID,AVAILABLE_QUANTITY)values(148,3,32,8);
insert into CAFE_PRODUCT(CAFE_PRODUCT_ID,CAFE_ID,PRODUCT_ID,AVAILABLE_QUANTITY)values(149,3,33,3);
insert into CAFE_PRODUCT(CAFE_PRODUCT_ID,CAFE_ID,PRODUCT_ID,AVAILABLE_QUANTITY)values(150,3,34,5);
insert into CAFE_PRODUCT(CAFE_PRODUCT_ID,CAFE_ID,PRODUCT_ID,AVAILABLE_QUANTITY)values(151,3,35,2);
insert into CAFE_PRODUCT(CAFE_PRODUCT_ID,CAFE_ID,PRODUCT_ID,AVAILABLE_QUANTITY)values(152,3,36,2);
insert into CAFE_PRODUCT(CAFE_PRODUCT_ID,CAFE_ID,PRODUCT_ID,AVAILABLE_QUANTITY)values(153,3,37,2);
insert into CAFE_PRODUCT(CAFE_PRODUCT_ID,CAFE_ID,PRODUCT_ID,AVAILABLE_QUANTITY)values(154,3,38,2);
insert into CAFE_PRODUCT(CAFE_PRODUCT_ID,CAFE_ID,PRODUCT_ID,AVAILABLE_QUANTITY)values(155,3,39,20);
insert into CAFE_PRODUCT(CAFE_PRODUCT_ID,CAFE_ID,PRODUCT_ID,AVAILABLE_QUANTITY)values(156,3,40,2);
insert into CAFE_PRODUCT(CAFE_PRODUCT_ID,CAFE_ID,PRODUCT_ID,AVAILABLE_QUANTITY)values(157,3,41,8);
insert into CAFE_PRODUCT(CAFE_PRODUCT_ID,CAFE_ID,PRODUCT_ID,AVAILABLE_QUANTITY)values(158,3,42,7);
insert into CAFE_PRODUCT(CAFE_PRODUCT_ID,CAFE_ID,PRODUCT_ID,AVAILABLE_QUANTITY)values(159,3,43,7);
insert into CAFE_PRODUCT(CAFE_PRODUCT_ID,CAFE_ID,PRODUCT_ID,AVAILABLE_QUANTITY)values(160,3,44,3);
insert into CAFE_PRODUCT(CAFE_PRODUCT_ID,CAFE_ID,PRODUCT_ID,AVAILABLE_QUANTITY)values(161,3,45,2);
insert into CAFE_PRODUCT(CAFE_PRODUCT_ID,CAFE_ID,PRODUCT_ID,AVAILABLE_QUANTITY)values(162,3,46,2);
insert into CAFE_PRODUCT(CAFE_PRODUCT_ID,CAFE_ID,PRODUCT_ID,AVAILABLE_QUANTITY)values(163,3,47,2);
insert into CAFE_PRODUCT(CAFE_PRODUCT_ID,CAFE_ID,PRODUCT_ID,AVAILABLE_QUANTITY)values(164,3,48,2);
insert into CAFE_PRODUCT(CAFE_PRODUCT_ID,CAFE_ID,PRODUCT_ID,AVAILABLE_QUANTITY)values(165,3,49,2);
insert into CAFE_PRODUCT(CAFE_PRODUCT_ID,CAFE_ID,PRODUCT_ID,AVAILABLE_QUANTITY)values(166,3,50,2);
insert into CAFE_PRODUCT(CAFE_PRODUCT_ID,CAFE_ID,PRODUCT_ID,AVAILABLE_QUANTITY)values(167,3,51,2);
insert into CAFE_PRODUCT(CAFE_PRODUCT_ID,CAFE_ID,PRODUCT_ID,AVAILABLE_QUANTITY)values(168,3,52,15);
insert into CAFE_PRODUCT(CAFE_PRODUCT_ID,CAFE_ID,PRODUCT_ID,AVAILABLE_QUANTITY)values(169,3,53,4);
insert into CAFE_PRODUCT(CAFE_PRODUCT_ID,CAFE_ID,PRODUCT_ID,AVAILABLE_QUANTITY)values(170,3,54,15);
insert into CAFE_PRODUCT(CAFE_PRODUCT_ID,CAFE_ID,PRODUCT_ID,AVAILABLE_QUANTITY)values(171,3,55,15);
insert into CAFE_PRODUCT(CAFE_PRODUCT_ID,CAFE_ID,PRODUCT_ID,AVAILABLE_QUANTITY)values(172,3,56,3);
insert into CAFE_PRODUCT(CAFE_PRODUCT_ID,CAFE_ID,PRODUCT_ID,AVAILABLE_QUANTITY)values(173,3,57,5);
insert into CAFE_PRODUCT(CAFE_PRODUCT_ID,CAFE_ID,PRODUCT_ID,AVAILABLE_QUANTITY)values(174,3,58,4);
--4 cafe--
insert into CAFE_PRODUCT(CAFE_PRODUCT_ID,CAFE_ID,PRODUCT_ID,AVAILABLE_QUANTITY)values(175,4,1,50);
insert into CAFE_PRODUCT(CAFE_PRODUCT_ID,CAFE_ID,PRODUCT_ID,AVAILABLE_QUANTITY)values(176,4,2,10);
insert into CAFE_PRODUCT(CAFE_PRODUCT_ID,CAFE_ID,PRODUCT_ID,AVAILABLE_QUANTITY)values(177,4,4,10);
insert into CAFE_PRODUCT(CAFE_PRODUCT_ID,CAFE_ID,PRODUCT_ID,AVAILABLE_QUANTITY)values(178,4,4,10);
insert into CAFE_PRODUCT(CAFE_PRODUCT_ID,CAFE_ID,PRODUCT_ID,AVAILABLE_QUANTITY)values(179,4,5,10);
insert into CAFE_PRODUCT(CAFE_PRODUCT_ID,CAFE_ID,PRODUCT_ID,AVAILABLE_QUANTITY)values(180,4,6,10);
insert into CAFE_PRODUCT(CAFE_PRODUCT_ID,CAFE_ID,PRODUCT_ID,AVAILABLE_QUANTITY)values(181,4,7,100);
insert into CAFE_PRODUCT(CAFE_PRODUCT_ID,CAFE_ID,PRODUCT_ID,AVAILABLE_QUANTITY)values(182,4,8,100);
insert into CAFE_PRODUCT(CAFE_PRODUCT_ID,CAFE_ID,PRODUCT_ID,AVAILABLE_QUANTITY)values(183,4,9,100);
insert into CAFE_PRODUCT(CAFE_PRODUCT_ID,CAFE_ID,PRODUCT_ID,AVAILABLE_QUANTITY)values(184,4,10,10);
insert into CAFE_PRODUCT(CAFE_PRODUCT_ID,CAFE_ID,PRODUCT_ID,AVAILABLE_QUANTITY)values(185,4,11,20);
insert into CAFE_PRODUCT(CAFE_PRODUCT_ID,CAFE_ID,PRODUCT_ID,AVAILABLE_QUANTITY)values(186,4,12,20);
insert into CAFE_PRODUCT(CAFE_PRODUCT_ID,CAFE_ID,PRODUCT_ID,AVAILABLE_QUANTITY)values(187,4,13,20);
insert into CAFE_PRODUCT(CAFE_PRODUCT_ID,CAFE_ID,PRODUCT_ID,AVAILABLE_QUANTITY)values(188,4,14,10);
insert into CAFE_PRODUCT(CAFE_PRODUCT_ID,CAFE_ID,PRODUCT_ID,AVAILABLE_QUANTITY)values(189,4,15,10);
insert into CAFE_PRODUCT(CAFE_PRODUCT_ID,CAFE_ID,PRODUCT_ID,AVAILABLE_QUANTITY)values(190,4,16,15);
insert into CAFE_PRODUCT(CAFE_PRODUCT_ID,CAFE_ID,PRODUCT_ID,AVAILABLE_QUANTITY)values(191,4,17,15);
insert into CAFE_PRODUCT(CAFE_PRODUCT_ID,CAFE_ID,PRODUCT_ID,AVAILABLE_QUANTITY)values(192,4,18,15);
insert into CAFE_PRODUCT(CAFE_PRODUCT_ID,CAFE_ID,PRODUCT_ID,AVAILABLE_QUANTITY)values(193,4,19,15);
insert into CAFE_PRODUCT(CAFE_PRODUCT_ID,CAFE_ID,PRODUCT_ID,AVAILABLE_QUANTITY)values(194,4,20,15);
insert into CAFE_PRODUCT(CAFE_PRODUCT_ID,CAFE_ID,PRODUCT_ID,AVAILABLE_QUANTITY)values(195,4,21,15);
insert into CAFE_PRODUCT(CAFE_PRODUCT_ID,CAFE_ID,PRODUCT_ID,AVAILABLE_QUANTITY)values(196,4,22,15);
insert into CAFE_PRODUCT(CAFE_PRODUCT_ID,CAFE_ID,PRODUCT_ID,AVAILABLE_QUANTITY)values(197,4,23,15);
insert into CAFE_PRODUCT(CAFE_PRODUCT_ID,CAFE_ID,PRODUCT_ID,AVAILABLE_QUANTITY)values(198,4,24,10);
insert into CAFE_PRODUCT(CAFE_PRODUCT_ID,CAFE_ID,PRODUCT_ID,AVAILABLE_QUANTITY)values(199,4,25,10);
insert into CAFE_PRODUCT(CAFE_PRODUCT_ID,CAFE_ID,PRODUCT_ID,AVAILABLE_QUANTITY)values(200,4,26,4);
insert into CAFE_PRODUCT(CAFE_PRODUCT_ID,CAFE_ID,PRODUCT_ID,AVAILABLE_QUANTITY)values(201,4,27,2);
insert into CAFE_PRODUCT(CAFE_PRODUCT_ID,CAFE_ID,PRODUCT_ID,AVAILABLE_QUANTITY)values(202,4,28,4);
insert into CAFE_PRODUCT(CAFE_PRODUCT_ID,CAFE_ID,PRODUCT_ID,AVAILABLE_QUANTITY)values(203,4,29,10);
insert into CAFE_PRODUCT(CAFE_PRODUCT_ID,CAFE_ID,PRODUCT_ID,AVAILABLE_QUANTITY)values(204,4,30,4);
insert into CAFE_PRODUCT(CAFE_PRODUCT_ID,CAFE_ID,PRODUCT_ID,AVAILABLE_QUANTITY)values(205,4,31,4);
insert into CAFE_PRODUCT(CAFE_PRODUCT_ID,CAFE_ID,PRODUCT_ID,AVAILABLE_QUANTITY)values(206,4,32,8);
insert into CAFE_PRODUCT(CAFE_PRODUCT_ID,CAFE_ID,PRODUCT_ID,AVAILABLE_QUANTITY)values(207,4,33,4);
insert into CAFE_PRODUCT(CAFE_PRODUCT_ID,CAFE_ID,PRODUCT_ID,AVAILABLE_QUANTITY)values(208,4,34,5);
insert into CAFE_PRODUCT(CAFE_PRODUCT_ID,CAFE_ID,PRODUCT_ID,AVAILABLE_QUANTITY)values(209,4,35,2);
insert into CAFE_PRODUCT(CAFE_PRODUCT_ID,CAFE_ID,PRODUCT_ID,AVAILABLE_QUANTITY)values(210,4,36,2);
insert into CAFE_PRODUCT(CAFE_PRODUCT_ID,CAFE_ID,PRODUCT_ID,AVAILABLE_QUANTITY)values(211,4,37,2);
insert into CAFE_PRODUCT(CAFE_PRODUCT_ID,CAFE_ID,PRODUCT_ID,AVAILABLE_QUANTITY)values(212,4,38,2);
insert into CAFE_PRODUCT(CAFE_PRODUCT_ID,CAFE_ID,PRODUCT_ID,AVAILABLE_QUANTITY)values(213,4,39,20);
insert into CAFE_PRODUCT(CAFE_PRODUCT_ID,CAFE_ID,PRODUCT_ID,AVAILABLE_QUANTITY)values(214,4,40,2);
insert into CAFE_PRODUCT(CAFE_PRODUCT_ID,CAFE_ID,PRODUCT_ID,AVAILABLE_QUANTITY)values(215,4,41,8);
insert into CAFE_PRODUCT(CAFE_PRODUCT_ID,CAFE_ID,PRODUCT_ID,AVAILABLE_QUANTITY)values(216,4,42,7);
insert into CAFE_PRODUCT(CAFE_PRODUCT_ID,CAFE_ID,PRODUCT_ID,AVAILABLE_QUANTITY)values(217,4,43,7);
insert into CAFE_PRODUCT(CAFE_PRODUCT_ID,CAFE_ID,PRODUCT_ID,AVAILABLE_QUANTITY)values(218,4,44,4);
insert into CAFE_PRODUCT(CAFE_PRODUCT_ID,CAFE_ID,PRODUCT_ID,AVAILABLE_QUANTITY)values(219,4,45,2);
insert into CAFE_PRODUCT(CAFE_PRODUCT_ID,CAFE_ID,PRODUCT_ID,AVAILABLE_QUANTITY)values(220,4,46,2);
insert into CAFE_PRODUCT(CAFE_PRODUCT_ID,CAFE_ID,PRODUCT_ID,AVAILABLE_QUANTITY)values(221,4,47,2);
insert into CAFE_PRODUCT(CAFE_PRODUCT_ID,CAFE_ID,PRODUCT_ID,AVAILABLE_QUANTITY)values(222,4,48,2);
insert into CAFE_PRODUCT(CAFE_PRODUCT_ID,CAFE_ID,PRODUCT_ID,AVAILABLE_QUANTITY)values(223,4,49,2);
insert into CAFE_PRODUCT(CAFE_PRODUCT_ID,CAFE_ID,PRODUCT_ID,AVAILABLE_QUANTITY)values(224,4,50,2);
insert into CAFE_PRODUCT(CAFE_PRODUCT_ID,CAFE_ID,PRODUCT_ID,AVAILABLE_QUANTITY)values(225,4,51,2);
insert into CAFE_PRODUCT(CAFE_PRODUCT_ID,CAFE_ID,PRODUCT_ID,AVAILABLE_QUANTITY)values(226,4,52,15);
insert into CAFE_PRODUCT(CAFE_PRODUCT_ID,CAFE_ID,PRODUCT_ID,AVAILABLE_QUANTITY)values(227,4,53,4);
insert into CAFE_PRODUCT(CAFE_PRODUCT_ID,CAFE_ID,PRODUCT_ID,AVAILABLE_QUANTITY)values(228,4,54,15);
insert into CAFE_PRODUCT(CAFE_PRODUCT_ID,CAFE_ID,PRODUCT_ID,AVAILABLE_QUANTITY)values(229,4,55,15);
insert into CAFE_PRODUCT(CAFE_PRODUCT_ID,CAFE_ID,PRODUCT_ID,AVAILABLE_QUANTITY)values(230,4,56,4);
insert into CAFE_PRODUCT(CAFE_PRODUCT_ID,CAFE_ID,PRODUCT_ID,AVAILABLE_QUANTITY)values(231,4,57,5);
insert into CAFE_PRODUCT(CAFE_PRODUCT_ID,CAFE_ID,PRODUCT_ID,AVAILABLE_QUANTITY)values(232,4,58,4);